experiment,weight,policy,seed,user_num,load_scale,bw_scale,f_scale,tmax_scale,episodes,warmup_ratio,lyap_constraint_weight,p_c6_viol,p_c7_viol,p_c8_viol,mean_overflow_prob,mean_m1_excess_cond,mean_m2_excess_cond,mean_offload_ratio,total_energy,avg_energy_per_slot_user,action_0_ratio,action_1_ratio,action_2_ratio,action_3_ratio,action_4_ratio,action_5_ratio,action_6_ratio,action_7_ratio
weight_sweep,1.0,Full,1,15,1.0,1.0,1.0,1.0,40,0.5,1.0,0.0,0.0,0.0,0.0,0.0,0.0,0.47000000000000003,6.7278849947731105,0.02242628331591037,0.13666666666666666,0.10333333333333333,0.13666666666666666,0.15333333333333332,0.11333333333333333,0.12333333333333334,0.11666666666666667,0.11666666666666667
weight_sweep,2.0,Full,1,15,1.0,1.0,1.0,1.0,40,0.5,2.0,0.0,0.0,0.0,0.0,0.0,0.0,0.47000000000000003,6.7278849947731105,0.02242628331591037,0.13666666666666666,0.10333333333333333,0.13666666666666666,0.15333333333333332,0.11333333333333333,0.12333333333333334,0.11666666666666667,0.11666666666666667
weight_sweep,5.0,Full,1,15,1.0,1.0,1.0,1.0,40,0.5,5.0,0.0,0.0,0.0,0.0,0.0,0.0,0.47000000000000003,6.7278849947731105,0.02242628331591037,0.13666666666666666,0.10333333333333333,0.13666666666666666,0.15333333333333332,0.11333333333333333,0.12333333333333334,0.11666666666666667,0.11666666666666667
weight_sweep,10.0,Full,1,15,1.0,1.0,1.0,1.0,40,0.5,10.0,0.0,0.0,0.0,0.0,0.0,0.0,0.47000000000000003,6.7278849947731105,0.02242628331591037,0.13666666666666666,0.10333333333333333,0.13666666666666666,0.15333333333333332,0.11333333333333333,0.12333333333333334,0.11666666666666667,0.11666666666666667
weight_sweep,20.0,Full,1,15,1.0,1.0,1.0,1.0,40,0.5,20.0,0.0,0.0,0.0,0.0,0.0,0.0,0.47000000000000003,6.7278849947731105,0.02242628331591037,0.13666666666666666,0.10333333333333333,0.13666666666666666,0.15333333333333332,0.11333333333333333,0.12333333333333334,0.11666666666666667,0.11666666666666667
weight_sweep,40.0,Full,1,15,1.0,1.0,1.0,1.0,40,0.5,40.0,0.0,0.0,0.0,0.0,0.0,0.0,0.47000000000000003,6.7278849947731105,0.02242628331591037,0.13666666666666666,0.10333333333333333,0.13666666666666666,0.15333333333333332,0.11333333333333333,0.12333333333333334,0.11666666666666667,0.11666666666666667
